fiscal_year,month,week,temperature,precipitation,marketing_spend,store,promotion,holiday,natural_disaster,product_category,planned_avg_selling_price,Fiscal Quarter,Unemployment %,Core PCE YoY %,Fed Funds %,30yr Mortgage %,Median US Home Sale Price,Real Disposable Personal Income,Avg US Gas Prices (Regular),WTI Crude Oil Spot Price,promotion_discount,Housing Starts,U of M Consumer Sentiment,predicted_unit_sales
2025,1,1,70.73143907,4.795022835,26104.67994,Lowe's Miami,0,0,0,Garden Equipment,65.25550374,1,5.613714907,3.866817474,3.8,5.6,460000,18500,3.7,80,0,1675,89,1433.472455
2025,1,2,73.50312279,7.955374802,16499.24567,Lowe's Miami,0,0,0,HVAC,-80.34394522,1,5.309074649,3.557620507,3.8,5.6,460000,18500,3.7,80,0,1675,89,1001.299882
2025,1,3,74.68796728,3.486045742,22874.83017,Lowe's Miami,0,0,0,Outdoor Furniture,152.6482915,1,4.783506993,3.241938252,3.8,5.6,460000,18500,3.7,80,0,1675,89,1433.472455
2025,1,4,68.37213403,8.095181395,25496.49269,Lowe's Miami,0,0,0,Building Materials,458.0908343,1,4.607485716,3.671836791,3.8,5.6,460000,18500,3.7,80,0,1675,89,1990.127595
2025,2,5,74.70211059,5.508559867,21602.57743,Lowe's Miami,1,0,0,Home Appliances,327.3783919,1,4.69205058,3.507742232,3.8,5.6,460000,18500,3.7,80,2,1675,89,1238.983205
2025,2,6,68.76742448,4.076524204,14440.49988,Lowe's Miami,0,0,0,Garden Equipment,129.4959136,1,5.120868345,3.782647827,3.8,5.6,460000,18500,3.7,80,0,1675,89,984.9879005
2025,2,7,70.39215828,5.682341871,27296.70156,Lowe's Miami,0,0,0,HVAC,300.2010251,1,5.119810488,3.489626324,3.8,5.6,460000,18500,3.7,80,0,1675,89,1248.223299
2025,2,8,76.06095406,5.987807238,18113.44891,Lowe's Miami,0,0,0,Outdoor Furniture,224.2443464,1,5.132427462,3.709074722,3.8,5.6,460000,18500,3.7,80,0,1675,89,946.1037272
2025,3,9,60.68399771,6.170799209,15679.98313,Lowe's Miami,0,0,0,Building Materials,76.90984058,1,5.369397939,3.693423687,3.8,5.6,460000,18500,3.7,80,0,1675,89,1001.299882
2025,3,10,67.34455556,6.888731333,16662.70525,Lowe's Miami,0,0,0,Home Appliances,183.8549536,1,4.822483486,3.91527769,3.8,5.6,460000,18500,3.7,80,0,1675,89,1001.299882
2025,3,11,67.53912664,3.596086944,13525.69324,Lowe's Miami,0,0,0,Garden Equipment,128.8356511,1,5.231447019,3.571570237,3.8,5.6,460000,18500,3.7,80,0,1675,89,950.0810486
2025,3,12,66.63337895,9.318810106,26315.55684,Lowe's Miami,1,0,0,HVAC,176.4325704,1,5.086862218,3.642047499,3.8,5.6,460000,18500,3.7,80,5,1675,89,1433.472455
2025,4,13,69.46580624,4.911279475,28321.38148,Lowe's Miami,1,0,0,Outdoor Furniture,179.6271527,2,5.008307051,3.390880179,3.8,5.6,460000,18500,3.7,80,3,1675,89,1481.698861
2025,4,14,66.15643183,8.172174976,14817.76123,Lowe's Miami,1,0,0,Building Materials,202.7703424,2,4.86631749,3.181462912,3.8,5.6,460000,18500,3.7,80,2,1675,89,999.6129529
2025,4,15,70.84101791,6.491253787,14971.41398,Lowe's Miami,1,0,0,Home Appliances,293.0294378,2,5.164202256,3.710638387,3.8,5.6,460000,18500,3.7,80,3,1675,89,941.2011012
2025,4,16,68.45615412,7.136357642,14214.35441,Lowe's Miami,0,0,0,Garden Equipment,224.8364968,2,5.102878511,3.647738412,3.8,5.6,460000,18500,3.7,80,0,1675,89,924.0047842
2025,5,17,73.01845941,8.333822176,22247.64288,Lowe's Miami,1,0,0,HVAC,335.8813746,2,4.883755456,3.662671845,3.8,5.6,460000,18500,3.7,80,10,1675,89,1238.983205
2025,5,18,71.20805708,4.851272742,18216.37429,Lowe's Miami,0,0,0,Outdoor Furniture,226.3046412,2,4.714821782,3.802323535,3.8,5.6,460000,18500,3.7,80,0,1675,89,947.8842725
2025,5,19,66.79246966,6.31195324,15990.78301,Lowe's Miami,0,0,0,Building Materials,295.4684085,2,5.086058979,3.69836296,3.8,5.6,460000,18500,3.7,80,0,1675,89,941.8741025
2025,5,20,67.31249815,5.530570109,14750.07312,Lowe's Miami,0,1,0,Home Appliances,259.1499768,2,5.141000013,3.310541268,3.8,5.6,460000,18500,3.7,80,0,1675,89,939.4469153
2025,6,21,75.24672944,5.963387839,13435.77653,Lowe's Miami,1,0,0,Garden Equipment,284.766354,2,5.181876486,3.779180666,3.8,5.6,460000,18500,3.7,80,10,1675,89,889.0536049
2025,6,22,72.27121521,2.205526205,3266.89014,Lowe's Miami,0,1,0,HVAC,227.8114893,2,5.116009321,3.742717032,3.8,5.6,460000,18500,3.7,80,0,1675,89,743.2262444
2025,6,23,69.82911821,5.144498207,28398.13636,Lowe's Miami,0,0,0,Outdoor Furniture,61.92063578,2,5.46567075,3.587469302,3.8,5.6,460000,18500,3.7,80,0,1675,89,1483.130076
2025,6,24,72.73561259,3.413402465,20264.8821,Lowe's Miami,0,0,0,Building Materials,350.06191,2,5.337528468,3.515000865,3.8,5.6,460000,18500,3.7,80,0,1675,89,1229.698651
2025,7,25,73.76405707,6.60815845,17191.45421,Lowe's Miami,0,0,0,Home Appliances,144.8617619,3,5.371882802,3.674930235,3.8,5.6,460000,18500,3.7,80,0,1675,89,1001.299882
2025,7,26,65.49233061,3.427612973,13192.53847,Lowe's Miami,1,0,0,Garden Equipment,349.9907604,3,5.400313369,3.657363594,3.8,5.6,460000,18500,3.7,80,3,1675,89,887.4360822
2025,7,27,65.20600474,6.226512805,21765.30606,Lowe's Miami,0,1,0,HVAC,194.1826246,3,5.188247392,3.679825407,3.8,5.6,460000,18500,3.7,80,0,1675,89,1433.472455
2025,7,28,70.24923358,6.172128138,18435.8616,Lowe's Miami,0,0,0,Outdoor Furniture,180.0603549,3,5.254756605,3.439923977,3.8,5.6,460000,18500,3.7,80,0,1675,89,1029.230317
2025,8,29,76.03282664,8.216093749,23213.19286,Lowe's Miami,0,0,0,Building Materials,269.8451439,3,5.771895917,3.405244256,3.8,5.6,460000,18500,3.7,80,0,1675,89,1238.983205
2025,8,30,68.40401213,4.138118177,1803.626401,Lowe's Miami,0,1,0,Home Appliances,192.3946005,3,5.14942362,3.598532292,3.8,5.6,460000,18500,3.7,80,0,1675,89,803.3922819
2025,8,31,68.55790755,2.698683249,20351.19081,Lowe's Miami,0,0,0,Garden Equipment,392.4477421,3,5.103899858,3.594792786,3.8,5.6,460000,18500,3.7,80,0,1675,89,1229.698651
2025,8,32,69.25256435,3.090746742,24969.65892,Lowe's Miami,0,0,1,HVAC,151.7016043,3,4.375392497,3.402843902,3.8,5.6,460000,18500,3.7,80,0,1675,89,1433.472455
2025,9,33,59.63136791,3.938762106,12006.86436,Lowe's Miami,0,0,0,Outdoor Furniture,287.5270339,3,5.470212185,3.927407656,3.8,5.6,460000,18500,3.7,80,0,1675,89,744.9847455
2025,9,34,61.46672744,4.256230436,15162.01596,Lowe's Miami,1,0,0,Building Materials,308.3627846,3,5.444689091,3.496437879,3.8,5.6,460000,18500,3.7,80,5,1675,89,941.2011012
2025,9,35,73.04827953,4.408321364,17031.55981,Lowe's Miami,0,0,0,Home Appliances,446.9796133,3,5.240533414,3.766685663,3.8,5.6,460000,18500,3.7,80,0,1675,89,1935.208119
2025,9,36,70.55819096,2.952273301,14321.32123,Lowe's Miami,0,0,0,Garden Equipment,362.437831,3,4.940522389,3.467446274,3.8,5.6,460000,18500,3.7,80,0,1675,89,924.0047842
2025,10,37,61.63065817,8.015997014,14182.67361,Lowe's Miami,0,0,0,HVAC,190.0914012,4,4.97366503,3.305860194,3.8,5.6,460000,18500,3.7,80,0,1675,89,984.1708218
2025,10,38,70.0971029,7.897509071,12197.5162,Lowe's Miami,0,0,0,Outdoor Furniture,204.0890052,4,4.916763157,3.488212732,3.8,5.6,460000,18500,3.7,80,0,1675,89,805.150783
2025,10,39,77.21793415,5.083950137,21075.81013,Lowe's Miami,0,0,0,Building Materials,86.00116076,4,4.899898949,3.401947326,3.8,5.6,460000,18500,3.7,80,0,1675,89,1433.472455
2025,10,40,63.7699117,9.077326868,9510.689087,Lowe's Miami,0,0,0,Home Appliances,265.2309624,4,4.539611887,3.601827062,3.8,5.6,460000,18500,3.7,80,0,1675,89,743.2262444
2025,11,41,73.86462094,4.824036124,20602.23401,Lowe's Miami,0,0,0,Garden Equipment,263.5372826,4,4.884829725,3.435155342,3.8,5.6,460000,18500,3.7,80,0,1675,89,1229.698651
2025,11,42,70.38832218,8.398784914,12278.4872,Lowe's Miami,1,0,0,HVAC,337.5308144,4,5.26456584,3.439753926,3.8,5.6,460000,18500,3.7,80,10,1675,89,745.8704544
2025,11,43,61.30736707,3.242111753,17758.76472,Lowe's Miami,0,1,0,Outdoor Furniture,90.89527622,4,4.379043674,3.299676451,3.8,5.6,460000,18500,3.7,80,0,1675,89,1003.775648
2025,11,44,65.52643678,2.661815959,22481.4411,Lowe's Miami,1,0,0,Building Materials,165.0020122,4,5.430128505,3.571697505,3.8,5.6,460000,18500,3.7,80,10,1675,89,1433.472455
2025,12,45,59.1957738,3.970725375,9526.648409,Lowe's Miami,1,1,0,Home Appliances,153.1311034,4,5.122870304,3.796243233,3.8,5.6,460000,18500,3.7,80,4,1675,89,804.2779909
2025,12,46,76.73457956,8.510137889,11078.66185,Lowe's Miami,1,0,0,Garden Equipment,241.4293886,4,5.065015706,3.680882454,3.8,5.6,460000,18500,3.7,80,5,1675,89,745.8704544
2025,12,47,59.58834879,2.74967904,20130.82949,Lowe's Miami,0,0,1,HVAC,414.0349948,4,5.515347933,3.510045629,3.8,5.6,460000,18500,3.7,80,0,1675,89,2077.600561
2025,12,48,78.12811849,8.908040094,13244.83436,Lowe's Miami,0,0,0,Outdoor Furniture,34.56551557,4,5.471420776,3.651990164,3.8,5.6,460000,18500,3.7,80,0,1675,89,946.7164108
2025,13,49,70.71304514,7.377200578,24859.63075,Lowe's Miami,1,0,0,Building Materials,158.5387614,4,5.271617049,3.518162001,3.8,5.6,460000,18500,3.7,80,2,1675,89,1433.472455
2025,13,50,66.01354036,7.566588945,24890.35345,Lowe's Miami,0,0,0,Home Appliances,231.9786693,4,5.119969953,3.557574282,3.8,5.6,460000,18500,3.7,80,0,1675,89,1238.983205
2025,13,51,70.49357845,4.725388304,17094.29915,Lowe's Miami,0,0,0,Garden Equipment,236.1083758,4,5.3046511,3.874637792,3.8,5.6,460000,18500,3.7,80,0,1675,89,941.8741025
2025,13,52,73.41796183,4.454436024,17928.71924,Lowe's Miami,1,0,0,HVAC,173.9437995,4,5.079148176,3.384459233,3.8,5.6,460000,18500,3.7,80,2,1675,89,1003.775648
2025,1,1,65.58650207,4.220684822,6885.304221,Lowe's Miami,0,0,0,Outdoor Furniture,161.8113598,1,5.130379363,3.467014046,3.8,5.6,460000,18500,3.7,80,0,1675,89,803.3922819
2025,1,2,72.73306893,5.626465206,16763.9663,Lowe's Miami,1,0,0,Building Materials,277.4915046,1,5.289560963,3.568702205,3.8,5.6,460000,18500,3.7,80,5,1675,89,942.7598115
2025,1,3,78.61471474,1.928921096,11018.70298,Lowe's Miami,0,1,0,Home Appliances,177.4800916,1,4.845480041,3.353436455,3.8,5.6,460000,18500,3.7,80,0,1675,89,805.150783
2025,1,4,63.76519339,2.907723323,26628.31733,Lowe's Miami,0,0,0,Garden Equipment,240.2316819,1,5.495666287,3.522591443,3.8,5.6,460000,18500,3.7,80,0,1675,89,1238.983205
2025,2,5,61.49804375,4.096107081,13762.25871,Lowe's Miami,0,0,0,HVAC,26.84518873,1,4.677579296,3.895087682,3.8,5.6,460000,18500,3.7,80,0,1675,89,952.7497115
2025,2,6,71.60990688,5.788772783,14968.22056,Lowe's Miami,0,1,0,Outdoor Furniture,63.1940804,1,4.825424118,3.317453396,3.8,5.6,460000,18500,3.7,80,0,1675,89,1000.48143
2025,2,7,64.24770689,5.474796505,15235.47415,Lowe's Miami,0,0,0,Building Materials,99.33139228,1,4.903459415,3.344882355,3.8,5.6,460000,18500,3.7,80,0,1675,89,1001.299882
2025,2,8,68.65097335,5.113012368,10479.32854,Lowe's Miami,1,0,0,Home Appliances,241.5409077,1,5.092802767,3.590754354,3.8,5.6,460000,18500,3.7,80,4,1675,89,745.8704544
2025,3,9,70.78321067,5.471456384,11108.7159,Lowe's Miami,0,0,0,Garden Equipment,254.1158725,1,5.373947406,3.893802669,3.8,5.6,460000,18500,3.7,80,0,1675,89,744.9847455
2025,3,10,67.60135812,4.793908404,6334.133399,Lowe's Miami,0,0,0,HVAC,252.0142943,1,5.03860985,3.551113035,3.8,5.6,460000,18500,3.7,80,0,1675,89,743.2262444
2025,3,11,74.14706247,6.099988073,23160.80636,Lowe's Miami,1,0,0,Outdoor Furniture,129.2674908,1,5.226004104,3.302501312,3.8,5.6,460000,18500,3.7,80,2,1675,89,1433.472455
2025,3,12,72.26380737,6.888076684,17651.6768,Lowe's Miami,0,0,0,Building Materials,323.0712755,1,5.119080713,3.48605803,3.8,5.6,460000,18500,3.7,80,0,1675,89,944.1632162
2025,4,13,73.22495086,7.083428818,17296.48562,Lowe's Miami,0,0,0,Home Appliances,6.072365548,2,4.948783041,3.341646401,3.8,5.6,460000,18500,3.7,80,0,1675,89,1001.299882
2025,4,14,63.67442135,1.899733427,14761.94577,Lowe's Miami,0,0,0,Garden Equipment,188.912524,2,5.273023656,3.787566763,3.8,5.6,460000,18500,3.7,80,0,1675,89,999.6129529
2025,4,15,68.69799794,4.747000088,11573.29115,Lowe's Miami,0,0,0,HVAC,446.1800181,2,4.976760044,3.650791515,3.8,5.6,460000,18500,3.7,80,0,1675,89,1687.114762
2025,4,16,62.78273196,3.789443156,12206.16668,Lowe's Miami,1,0,0,Outdoor Furniture,323.6917375,2,5.380947571,3.570212781,3.8,5.6,460000,18500,3.7,80,3,1675,89,745.8704544
2025,5,17,74.98341627,5.227428546,22246.32214,Lowe's Miami,0,0,0,Building Materials,192.7037385,2,5.649599417,3.702898412,3.8,5.6,460000,18500,3.7,80,0,1675,89,1433.472455
2025,5,18,74.47158629,4.517038884,9024.008732,Lowe's Miami,0,0,0,Home Appliances,328.5049426,2,5.316296173,3.903657077,3.8,5.6,460000,18500,3.7,80,0,1675,89,743.2262444
2025,5,19,66.81541186,7.625298321,7173.178794,Lowe's Miami,0,0,0,Garden Equipment,40.48436735,2,4.859459886,3.595924426,3.8,5.6,460000,18500,3.7,80,0,1675,89,803.3922819
2025,5,20,67.92769917,6.64704412,27368.5787,Lowe's Miami,0,0,0,HVAC,217.83784,2,5.29578651,3.364198828,3.8,5.6,460000,18500,3.7,80,0,1675,89,1448.201309
2025,6,21,65.75224742,8.786043668,13139.83804,Lowe's Miami,1,0,0,Outdoor Furniture,259.836363,2,5.209766731,3.626228798,3.8,5.6,460000,18500,3.7,80,5,1675,89,874.9145768
2025,6,22,60.01111084,1.482759335,18684.94603,Lowe's Miami,0,0,0,Building Materials,458.431788,2,5.897703565,3.774477851,3.8,5.6,460000,18500,3.7,80,0,1675,89,1944.620507
2025,6,23,71.33469243,6.773273661,19068.25564,Lowe's Miami,0,0,0,Home Appliances,269.8848884,2,5.022289343,3.734342103,3.8,5.6,460000,18500,3.7,80,0,1675,89,1056.833121
2025,6,24,68.49632674,3.026243999,13467.83853,Lowe's Miami,0,0,0,Garden Equipment,370.4671234,2,4.871848312,3.41747102,3.8,5.6,460000,18500,3.7,80,0,1675,89,888.1678959
2025,7,25,64.15337032,6.210712877,6796.947746,Lowe's Miami,0,0,0,HVAC,185.8035585,3,5.012883179,3.488977653,3.8,5.6,460000,18500,3.7,80,0,1675,89,803.3922819
2025,7,26,57.39765673,5.047726943,19729.44627,Lowe's Miami,0,0,0,Outdoor Furniture,230.6298478,3,4.955266043,3.968426181,3.8,5.6,460000,18500,3.7,80,0,1675,89,1223.89769
2025,7,27,64.27330382,7.106773391,19590.39768,Lowe's Miami,0,0,0,Building Materials,157.5548139,3,5.474258134,3.797929372,3.8,5.6,460000,18500,3.7,80,0,1675,89,1251.575604
2025,7,28,68.47842401,4.433376349,22403.06131,Lowe's Miami,0,1,0,Home Appliances,581.1044302,3,4.427681192,3.563772546,3.8,5.6,460000,18500,3.7,80,0,1675,89,2198.82858
2025,8,29,62.02623966,4.436635547,23500.81129,Lowe's Miami,0,0,1,Garden Equipment,175.7117266,3,5.443072694,3.546008372,3.8,5.6,460000,18500,3.7,80,0,1675,89,1433.472455
2025,8,30,66.20733094,5.428194137,24196.31344,Lowe's Miami,1,0,0,HVAC,282.9138283,3,5.179264602,3.492084333,3.8,5.6,460000,18500,3.7,80,10,1675,89,1238.983205
2025,8,31,73.35210978,2.341271601,17298.37493,Lowe's Miami,1,1,0,Outdoor Furniture,104.1409415,3,5.13721082,3.224034147,3.8,5.6,460000,18500,3.7,80,3,1675,89,1002.185591
2025,8,32,72.32717368,8.070395526,20056.36351,Lowe's Miami,0,0,0,Building Materials,189.2271547,3,4.882274019,3.595136593,3.8,5.6,460000,18500,3.7,80,0,1675,89,1417.821956
2025,9,33,62.49696027,3.116120549,14380.37059,Lowe's Miami,0,0,0,Home Appliances,288.2186696,3,5.058096471,3.635057614,3.8,5.6,460000,18500,3.7,80,0,1675,89,924.821863
2025,9,34,72.44022243,5.633042793,22220.78729,Lowe's Miami,0,0,0,Garden Equipment,146.6639733,3,5.051647997,3.530842271,3.8,5.6,460000,18500,3.7,80,0,1675,89,1433.472455
2025,9,35,64.78988157,4.576363422,19274.35388,Lowe's Miami,0,0,0,HVAC,251.4434793,3,5.063667517,3.332523696,3.8,5.6,460000,18500,3.7,80,0,1675,89,1093.85666
2025,9,36,71.55104517,9.452211811,19818.50668,Lowe's Miami,0,0,0,Outdoor Furniture,335.5701995,3,5.506112508,4.037065565,3.8,5.6,460000,18500,3.7,80,0,1675,89,1224.539014
2025,10,37,72.83813869,9.239686033,16510.42528,Lowe's Miami,0,0,0,Building Materials,16.05236765,4,5.119016946,3.552436096,3.8,5.6,460000,18500,3.7,80,0,1675,89,1001.299882
2025,10,38,63.5733976,5.595108599,23637.33647,Lowe's Miami,0,0,0,Home Appliances,188.424607,4,4.848745252,3.714720049,3.8,5.6,460000,18500,3.7,80,0,1675,89,1433.472455
2025,10,39,67.9215687,-0.326877126,11910.36124,Lowe's Miami,0,0,0,Garden Equipment,209.3726852,4,4.854210486,3.369101961,3.8,5.6,460000,18500,3.7,80,0,1675,89,805.150783
2025,10,40,72.95155557,4.815206549,21021.38169,Lowe's Miami,0,0,0,HVAC,298.5218709,4,4.768854512,3.551810125,3.8,5.6,460000,18500,3.7,80,0,1675,89,1238.983205
2025,11,41,61.40535493,2.48239902,19690.52292,Lowe's Miami,1,0,1,Outdoor Furniture,476.1810208,4,5.131756403,3.287424522,3.8,5.6,460000,18500,3.7,80,3,1675,89,2183.992516
2025,11,42,69.51693081,2.760648467,18948.94358,Lowe's Miami,0,0,0,Building Materials,147.5044498,4,4.920559692,3.65800715,3.8,5.6,460000,18500,3.7,80,0,1675,89,1144.019086
2025,11,43,61.40775024,9.026263304,13369.30515,Lowe's Miami,0,0,0,Home Appliances,54.69681585,4,5.131074677,3.592885802,3.8,5.6,460000,18500,3.7,80,0,1675,89,948.3339334
2025,11,44,72.03568497,4.865466101,21875.22664,Lowe's Miami,1,0,0,Garden Equipment,342.8042506,4,4.637242761,3.201047788,3.8,5.6,460000,18500,3.7,80,4,1675,89,1238.983205
2025,12,45,63.11872993,6.205603806,15467.83734,Lowe's Miami,0,0,0,HVAC,117.0218464,4,5.023843576,3.53385026,3.8,5.6,460000,18500,3.7,80,0,1675,89,1001.299882
2025,12,46,70.99428158,4.592180437,8982.126604,Lowe's Miami,0,0,0,Outdoor Furniture,47.70336602,4,5.147985625,3.276586671,3.8,5.6,460000,18500,3.7,80,0,1675,89,803.3922819
2025,12,47,63.33687229,3.701889414,19794.05413,Lowe's Miami,1,0,0,Building Materials,290.5885814,4,5.279198358,3.783847334,3.8,5.6,460000,18500,3.7,80,3,1675,89,1224.539014
2025,12,48,77.21677728,1.604176465,17381.21845,Lowe's Miami,0,0,0,Home Appliances,295.0612099,4,4.943914909,3.21093853,3.8,5.6,460000,18500,3.7,80,0,1675,89,941.8741025
2025,13,49,69.11881992,5.883512176,23086.255,Lowe's Miami,0,1,0,Garden Equipment,251.8331139,4,4.84196256,3.526487238,3.8,5.6,460000,18500,3.7,80,0,1675,89,1238.983205
2025,13,50,58.09124381,6.385928621,22857.82296,Lowe's Miami,1,0,0,HVAC,251.6068746,4,5.160172942,3.894404134,3.8,5.6,460000,18500,3.7,80,2,1675,89,1238.983205
2025,13,51,67.65812334,4.096431718,17030.54962,Lowe's Miami,1,0,0,Outdoor Furniture,353.6308735,4,4.864076097,3.103166524,3.8,5.6,460000,18500,3.7,80,2,1675,89,941.8741025
2025,13,52,67.05729455,5.350976346,25173.95169,Lowe's Miami,1,0,0,Building Materials,132.2423731,4,5.34588757,3.700754737,3.8,5.6,460000,18500,3.7,80,10,1675,89,1433.472455
2025,1,1,63.1306633,6.447206989,15180.53175,Lowe's Miami,1,1,0,Home Appliances,366.0298241,1,5.084763636,3.569801847,3.8,5.6,460000,18500,3.7,80,2,1675,89,940.3153922
2025,1,2,71.74152823,5.493830914,15211.67749,Lowe's Miami,1,0,0,Garden Equipment,-23.87571018,1,5.107676046,3.279797477,3.8,5.6,460000,18500,3.7,80,10,1675,89,1001.367139
2025,1,3,70.50557567,5.340326856,20559.05062,Lowe's Miami,0,1,0,HVAC,448.1357648,1,5.708712593,3.437871022,3.8,5.6,460000,18500,3.7,80,0,1675,89,2124.890921
2025,1,4,75.4254129,9.301123501,18814.8057,Lowe's Miami,0,0,0,Outdoor Furniture,190.9632025,1,5.147989041,3.740223616,3.8,5.6,460000,18500,3.7,80,0,1675,89,1116.413988
2025,2,5,63.93268569,5.043757522,22542.84219,Lowe's Miami,0,0,0,Building Materials,315.6435885,1,4.951133497,3.657221661,3.8,5.6,460000,18500,3.7,80,0,1675,89,1238.983205
2025,2,6,57.26346623,4.911529362,24146.24726,Lowe's Miami,1,0,0,Home Appliances,274.7937987,1,5.475444756,3.402820557,3.8,5.6,460000,18500,3.7,80,4,1675,89,1238.983205
2025,2,7,71.45099468,6.206648934,16998.14633,Lowe's Miami,0,0,0,Garden Equipment,419.7037879,1,4.967631414,3.512108489,3.8,5.6,460000,18500,3.7,80,0,1675,89,1846.214842
2025,2,8,68.98534668,3.878597404,19081.04778,Lowe's Miami,0,0,0,HVAC,173.9158528,1,5.376507754,3.535200873,3.8,5.6,460000,18500,3.7,80,0,1675,89,1210.230448
2025,3,9,63.6737626,3.011613006,19750.4188,Lowe's Miami,0,0,0,Outdoor Furniture,-7.619569222,1,5.085456378,3.666575185,3.8,5.6,460000,18500,3.7,80,0,1675,89,1408.40385
2025,3,10,75.31479036,7.52269705,16171.54569,Lowe's Miami,0,0,0,Building Materials,327.5514069,1,4.661542799,3.746613045,3.8,5.6,460000,18500,3.7,80,0,1675,89,941.8741025
2025,3,11,69.34408943,3.846970621,20855.58122,Lowe's Miami,1,0,0,Home Appliances,207.1960207,1,4.981376209,3.477541659,3.8,5.6,460000,18500,3.7,80,4,1675,89,1417.821956
2025,3,12,71.83799211,3.667384103,15820.7989,Lowe's Miami,0,0,0,Garden Equipment,442.8378168,1,5.091751849,3.562493575,3.8,5.6,460000,18500,3.7,80,0,1675,89,1846.138593
2025,4,13,71.14433584,5.724812498,25211.7925,Lowe's Miami,0,0,0,HVAC,242.8480617,2,5.189809285,3.864629655,3.8,5.6,460000,18500,3.7,80,0,1675,89,1238.983205
2025,4,14,63.96468536,3.323708921,14088.11727,Lowe's Miami,1,0,0,Outdoor Furniture,325.0289769,2,4.974023269,3.772208973,3.8,5.6,460000,18500,3.7,80,4,1675,89,924.8904932
2025,4,15,63.61879204,7.116869269,19284.43856,Lowe's Miami,1,0,1,Building Materials,293.0101087,2,4.595403026,3.473308661,3.8,5.6,460000,18500,3.7,80,4,1675,89,1094.509651
2025,4,16,70.45341766,4.027436737,12526.75766,Lowe's Miami,1,0,0,Home Appliances,128.5406169,2,5.263927888,3.770322006,3.8,5.6,460000,18500,3.7,80,10,1675,89,834.7461536
2025,5,17,60.0970516,3.279967891,23304.19856,Lowe's Miami,0,0,0,Garden Equipment,336.6311863,2,5.238318405,3.25245162,3.8,5.6,460000,18500,3.7,80,0,1675,89,1238.983205
2025,5,18,67.66262201,5.608714306,16033.97328,Lowe's Miami,0,0,0,HVAC,453.8297356,2,5.235209007,3.55246449,3.8,5.6,460000,18500,3.7,80,0,1675,89,1839.201289
2025,5,19,66.89630051,5.503589522,11135.15765,Lowe's Miami,1,0,0,Outdoor Furniture,255.6095259,2,4.980832185,3.515285782,3.8,5.6,460000,18500,3.7,80,3,1675,89,745.8704544
2025,5,20,57.94783543,7.722671645,20146.52851,Lowe's Miami,0,0,1,Building Materials,218.8742139,2,5.121245137,3.310314163,3.8,5.6,460000,18500,3.7,80,0,1675,89,1417.821956
2025,6,21,65.60789803,4.04139238,14832.39621,Lowe's Miami,0,0,0,Home Appliances,165.0592284,2,4.878026009,3.486574227,3.8,5.6,460000,18500,3.7,80,0,1675,89,999.6129529
2025,6,22,70.2462058,6.572821978,21410.01301,Lowe's Miami,1,0,0,Garden Equipment,117.6951928,2,5.531344398,3.437370448,3.8,5.6,460000,18500,3.7,80,10,1675,89,1433.472455
2025,6,23,71.83172305,8.138836087,19550.48569,Lowe's Miami,0,0,0,HVAC,277.5010404,2,5.155755378,3.724306543,3.8,5.6,460000,18500,3.7,80,0,1675,89,1107.224153
2025,6,24,70.81827039,8.75676685,15493.91649,Lowe's Miami,0,0,0,Outdoor Furniture,319.6689128,2,4.960808467,3.710275227,3.8,5.6,460000,18500,3.7,80,0,1675,89,941.8741025
2025,7,25,72.64732854,7.829523846,26891.35638,Lowe's Miami,0,0,0,Building Materials,384.1004245,3,5.109057365,3.62442643,3.8,5.6,460000,18500,3.7,80,0,1675,89,1243.011181
2025,7,26,68.20901123,5.765116065,13970.62389,Lowe's Miami,0,0,1,Home Appliances,136.9912565,3,5.224463959,3.706015024,3.8,5.6,460000,18500,3.7,80,0,1675,89,979.0676634
2025,7,27,63.01412313,3.774437833,20079.5494,Lowe's Miami,0,0,1,Garden Equipment,233.1828055,3,5.204498039,4.066162329,3.8,5.6,460000,18500,3.7,80,0,1675,89,1229.698651
2025,7,28,59.45971933,4.951518105,8829.038918,Lowe's Miami,0,0,0,HVAC,49.59352633,3,4.937022786,3.250819831,3.8,5.6,460000,18500,3.7,80,0,1675,89,803.3922819
2025,8,29,75.08760871,5.379085499,16310.77765,Lowe's Miami,0,0,0,Outdoor Furniture,27.78291435,3,5.47824659,3.618367628,3.8,5.6,460000,18500,3.7,80,0,1675,89,1001.299882
2025,8,30,71.5433192,9.015854263,13353.83999,Lowe's Miami,0,0,0,Building Materials,239.4180949,3,4.667453948,3.791007721,3.8,5.6,460000,18500,3.7,80,0,1675,89,888.1678959
2025,8,31,71.52807819,6.077794346,12913.08399,Lowe's Miami,0,0,0,Home Appliances,182.6886289,3,5.224474181,3.483772749,3.8,5.6,460000,18500,3.7,80,0,1675,89,904.6650745
2025,8,32,77.51496062,8.752160734,13353.35617,Lowe's Miami,1,0,0,Garden Equipment,172.2224137,3,5.735790857,3.530144634,3.8,5.6,460000,18500,3.7,80,4,1675,89,949.2196424
2025,9,33,66.41047194,8.485939173,12730.08819,Lowe's Miami,1,0,0,HVAC,186.5012929,3,4.972343488,3.767696068,3.8,5.6,460000,18500,3.7,80,10,1675,89,857.5257147
2025,9,34,69.36525571,3.325156601,21080.96289,Lowe's Miami,1,0,0,Outdoor Furniture,164.4212538,3,5.065391409,3.385160976,3.8,5.6,460000,18500,3.7,80,3,1675,89,1433.472455
2025,9,35,71.08500859,6.331006121,14755.82008,Lowe's Miami,0,0,0,Building Materials,280.1481297,3,5.341974387,3.432651758,3.8,5.6,460000,18500,3.7,80,0,1675,89,939.4469153
2025,9,36,68.73448939,2.755975198,12922.12636,Lowe's Miami,0,0,0,Home Appliances,285.0939129,3,5.002910796,3.474197473,3.8,5.6,460000,18500,3.7,80,0,1675,89,844.4990369
2025,10,37,70.47064102,5.925945169,24872.15056,Lowe's Miami,1,0,0,Garden Equipment,278.7823062,4,5.224907898,3.765656804,3.8,5.6,460000,18500,3.7,80,3,1675,89,1238.983205
2025,10,38,74.70450271,4.843361329,23679.75819,Lowe's Miami,0,0,0,HVAC,452.8937211,4,5.472965277,3.410991202,3.8,5.6,460000,18500,3.7,80,0,1675,89,2072.635127
2025,10,39,63.78512884,1.964288641,23522.69974,Lowe's Miami,0,0,0,Outdoor Furniture,129.3523221,4,4.834841681,3.543227396,3.8,5.6,460000,18500,3.7,80,0,1675,89,1433.472455
2025,10,40,73.71900757,3.638250851,14407.56605,Lowe's Miami,0,0,0,Building Materials,243.4939891,4,4.900966623,3.486455389,3.8,5.6,460000,18500,3.7,80,0,1675,89,924.821863
2025,11,41,69.46014634,4.002073155,17363.2811,Lowe's Miami,0,0,0,Home Appliances,249.9650217,4,5.312783099,3.682151656,3.8,5.6,460000,18500,3.7,80,0,1675,89,941.8741025
2025,11,42,62.81716409,6.890837422,20146.76376,Lowe's Miami,0,0,0,Garden Equipment,286.1745472,4,5.11148084,3.412537406,3.8,5.6,460000,18500,3.7,80,0,1675,89,1229.698651
2025,11,43,68.19627434,3.572309697,14119.3059,Lowe's Miami,0,0,0,HVAC,-18.69931594,4,5.27935411,3.636877092,3.8,5.6,460000,18500,3.7,80,0,1675,89,984.1708218
2025,11,44,61.40550041,4.826423725,18948.78476,Lowe's Miami,1,0,0,Outdoor Furniture,375.7972208,4,4.769389267,3.643992438,3.8,5.6,460000,18500,3.7,80,3,1675,89,1036.482943
2025,12,45,62.71710255,9.378384689,10527.72493,Lowe's Miami,0,1,0,Building Materials,104.0029486,4,5.277571375,3.774922549,3.8,5.6,460000,18500,3.7,80,0,1675,89,805.150783
2025,12,46,68.65630686,3.003688889,16992.7116,Lowe's Miami,0,0,0,Home Appliances,211.1053056,4,5.212357418,3.473275479,3.8,5.6,460000,18500,3.7,80,0,1675,89,1001.299882
2025,12,47,64.34876316,4.077194459,18294.54109,Lowe's Miami,0,0,0,Garden Equipment,280.1795898,4,5.021040738,3.613992557,3.8,5.6,460000,18500,3.7,80,0,1675,89,959.5451739
2025,12,48,65.51744636,4.446507594,20025.98858,Lowe's Miami,0,0,0,HVAC,351.1284964,4,5.04589468,3.643457166,3.8,5.6,460000,18500,3.7,80,0,1675,89,1229.698651
2025,13,49,71.17253909,5.112372993,24457.18743,Lowe's Miami,0,0,0,Outdoor Furniture,131.8258954,4,5.261125992,3.743942104,3.8,5.6,460000,18500,3.7,80,0,1675,89,1433.472455
2025,13,50,73.75473432,6.272247953,32788.03737,Lowe's Miami,0,0,0,Building Materials,82.7585358,4,4.916466428,3.696787881,3.8,5.6,460000,18500,3.7,80,0,1675,89,1541.292424
2025,13,51,59.18451073,6.49308451,16707.57825,Lowe's Miami,0,0,0,Home Appliances,87.56286321,4,5.138772862,3.289811716,3.8,5.6,460000,18500,3.7,80,0,1675,89,1001.299882
2025,13,52,71.57690499,5.832348242,18374.72326,Lowe's Miami,0,0,0,Garden Equipment,199.8955907,4,5.242969261,3.776806463,3.8,5.6,460000,18500,3.7,80,0,1675,89,1025.909445
2025,1,1,69.38021275,3.436873902,11418.21376,Lowe's Miami,0,0,0,HVAC,356.1486334,1,5.044434849,3.741624126,3.8,5.6,460000,18500,3.7,80,0,1675,89,744.9847455
2025,1,2,74.95817283,10.1790268,12420.96993,Lowe's Miami,1,1,0,Outdoor Furniture,-68.17848647,1,4.327646013,3.359692388,3.8,5.6,460000,18500,3.7,80,3,1675,89,806.036492
2025,1,3,68.65601293,3.048974981,15331.04503,Lowe's Miami,0,0,0,Building Materials,202.124315,1,4.987272749,3.339546602,3.8,5.6,460000,18500,3.7,80,0,1675,89,1001.299882
2025,1,4,71.73067891,8.291908533,20981.25395,Lowe's Miami,1,1,0,Home Appliances,128.1442091,1,5.114519,3.654448851,3.8,5.6,460000,18500,3.7,80,4,1675,89,1426.463596
2025,2,5,65.2616275,5.444201114,16463.04542,Lowe's Miami,0,0,0,Garden Equipment,393.5579701,1,5.015248177,3.956705248,3.8,5.6,460000,18500,3.7,80,0,1675,89,941.8741025
2025,2,6,73.54662321,7.795517168,15930.15227,Lowe's Miami,0,1,0,HVAC,243.3272041,1,5.01856101,3.610089632,3.8,5.6,460000,18500,3.7,80,0,1675,89,941.8741025
2025,2,7,72.42254777,5.871585204,19365.64527,Lowe's Miami,1,0,0,Outdoor Furniture,93.56800644,1,4.983933534,3.383092893,3.8,5.6,460000,18500,3.7,80,3,1675,89,1233.754504
2025,2,8,69.4967979,9.076328384,12781.61654,Lowe's Miami,0,0,0,Building Materials,192.3496781,1,5.494743048,3.301316681,3.8,5.6,460000,18500,3.7,80,0,1675,89,902.8963029
2025,3,9,62.57467654,7.542907421,10971.84497,Lowe's Miami,0,0,0,Home Appliances,174.5458752,1,4.915459542,3.635594907,3.8,5.6,460000,18500,3.7,80,0,1675,89,805.150783
2025,3,10,73.17370718,6.531727314,6505.385448,Lowe's Miami,0,0,1,Garden Equipment,164.2396812,1,5.430981804,3.83759614,3.8,5.6,460000,18500,3.7,80,0,1675,89,803.3922819
2025,3,11,72.25597353,5.14475067,10089.33663,Lowe's Miami,0,0,0,HVAC,-32.35630967,1,5.05298731,3.514047214,3.8,5.6,460000,18500,3.7,80,0,1675,89,804.2990528
2025,3,12,67.46667593,8.45498627,17864.22631,Lowe's Miami,0,0,0,Outdoor Furniture,327.5079485,1,4.916437226,3.652160682,3.8,5.6,460000,18500,3.7,80,0,1675,89,944.1632162
2025,4,13,63.82496907,8.227032757,17689.41122,Lowe's Miami,1,0,0,Building Materials,375.3282534,2,5.356440752,3.854792927,3.8,5.6,460000,18500,3.7,80,4,1675,89,945.0489252
2025,4,14,68.49194425,9.383951957,15154.00191,Lowe's Miami,0,0,0,Home Appliances,219.1439269,2,4.819075507,3.620670541,3.8,5.6,460000,18500,3.7,80,0,1675,89,1000.48143
2025,4,15,69.48860075,4.079218667,16357.81214,Lowe's Miami,0,0,0,Garden Equipment,225.1515457,2,5.186692183,3.476241695,3.8,5.6,460000,18500,3.7,80,0,1675,89,941.8741025
2025,4,16,70.86040848,7.470315247,14454.89141,Lowe's Miami,1,0,1,HVAC,300.5463669,2,4.958645916,3.387177365,3.8,5.6,460000,18500,3.7,80,2,1675,89,924.821863
2025,5,17,73.6134425,1.382407674,13293.89597,Lowe's Miami,0,0,0,Outdoor Furniture,284.885287,2,4.829439968,3.707360758,3.8,5.6,460000,18500,3.7,80,0,1675,89,886.5503732
2025,5,18,69.25267212,3.809077335,16414.64646,Lowe's Miami,0,0,0,Building Materials,415.8939532,2,5.0212611,3.414970079,3.8,5.6,460000,18500,3.7,80,0,1675,89,1853.726054
2025,5,19,65.75650246,6.680684455,20720.97585,Lowe's Miami,0,0,0,Home Appliances,35.7802545,2,5.451094243,3.425075577,3.8,5.6,460000,18500,3.7,80,0,1675,89,1417.821956
2025,5,20,68.0996587,5.078144253,26626.21549,Lowe's Miami,0,0,0,Garden Equipment,109.6551719,2,5.058051618,3.376553212,3.8,5.6,460000,18500,3.7,80,0,1675,89,1433.472455
2025,6,21,65.20918126,5.43517594,18076.58099,Lowe's Miami,0,0,0,HVAC,52.75167673,2,5.420611024,3.922201353,3.8,5.6,460000,18500,3.7,80,0,1675,89,1007.164653
2025,6,22,64.70950675,7.595289991,14031.65988,Lowe's Miami,1,0,0,Outdoor Furniture,239.9907599,2,5.100845163,3.585877605,3.8,5.6,460000,18500,3.7,80,2,1675,89,921.4720286
2025,6,23,70.04946678,4.762621266,12857.51362,Lowe's Miami,0,0,1,Building Materials,372.1036708,2,5.359854629,3.960872295,3.8,5.6,460000,18500,3.7,80,0,1675,89,844.4990369
2025,6,24,59.99772223,2.983608153,25958.4789,Lowe's Miami,0,0,0,Home Appliances,186.5442387,2,5.172497351,3.485485164,3.8,5.6,460000,18500,3.7,80,0,1675,89,1433.472455
2025,7,25,79.78979217,7.272518792,13949.73656,Lowe's Miami,1,0,0,Garden Equipment,168.6733742,3,5.235005683,3.444543009,3.8,5.6,460000,18500,3.7,80,10,1675,89,979.9533723
2025,7,26,70.3177216,3.988017085,14643.66029,Lowe's Miami,0,0,0,HVAC,271.1011484,3,4.841605504,3.460895192,3.8,5.6,460000,18500,3.7,80,0,1675,89,931.5879738
2025,7,27,63.51033912,3.241342241,18508.54818,Lowe's Miami,0,1,0,Outdoor Furniture,454.944089,3,5.423530975,3.526355206,3.8,5.6,460000,18500,3.7,80,0,1675,89,2101.871406
2025,7,28,60.80333516,4.250878755,21503.15158,Lowe's Miami,0,0,0,Building Materials,287.1752077,3,4.93548696,3.66127789,3.8,5.6,460000,18500,3.7,80,0,1675,89,1238.983205
2025,8,29,69.44465462,2.107607217,21941.01294,Lowe's Miami,0,0,0,Home Appliances,299.585552,3,4.912471936,3.411710165,3.8,5.6,460000,18500,3.7,80,0,1675,89,1238.983205
2025,8,30,60.32284454,2.542538567,14168.18731,Lowe's Miami,1,0,0,Garden Equipment,108.0671036,3,4.99740728,3.60139567,3.8,5.6,460000,18500,3.7,80,2,1675,89,984.1708218
2025,8,31,72.14920838,7.655041914,23465.53232,Lowe's Miami,0,0,0,HVAC,176.3154893,3,5.636937845,3.21952589,3.8,5.6,460000,18500,3.7,80,0,1675,89,1433.472455
2025,8,32,64.46402334,4.038611717,16797.38194,Lowe's Miami,0,1,0,Outdoor Furniture,466.4974786,3,5.001624397,3.635039607,3.8,5.6,460000,18500,3.7,80,0,1675,89,2090.811767
2025,9,33,66.64450906,4.766933966,15360.50001,Lowe's Miami,0,0,0,Building Materials,269.8888117,3,5.420595608,3.537490455,3.8,5.6,460000,18500,3.7,80,0,1675,89,941.8741025
2025,9,34,66.52549495,5.501863131,23142.65254,Lowe's Miami,1,0,0,Home Appliances,267.6407736,3,5.466780143,3.361502915,3.8,5.6,460000,18500,3.7,80,10,1675,89,1238.983205
2025,9,35,71.67841599,7.19831202,26836.72748,Lowe's Miami,0,1,0,Garden Equipment,479.3374158,3,4.975238614,3.556301997,3.8,5.6,460000,18500,3.7,80,0,1675,89,2234.698788
2025,9,36,52.28326514,7.158617546,19791.3434,Lowe's Miami,0,0,1,HVAC,268.7689253,3,5.306244129,3.373633585,3.8,5.6,460000,18500,3.7,80,0,1675,89,1224.539014
2025,10,37,64.45013907,9.146039349,14917.14703,Lowe's Miami,0,0,0,Outdoor Furniture,259.569439,4,5.145888334,3.383809644,3.8,5.6,460000,18500,3.7,80,0,1675,89,939.4469153
2025,10,38,67.19204868,4.432480885,21597.78358,Lowe's Miami,1,0,0,Building Materials,25.22137416,4,5.205965312,3.984322187,3.8,5.6,460000,18500,3.7,80,3,1675,89,1433.472455
2025,10,39,58.8956486,7.129495403,19777.35876,Lowe's Miami,0,0,0,Home Appliances,396.7506711,4,5.042140045,3.428846551,3.8,5.6,460000,18500,3.7,80,0,1675,89,1224.539014
2025,10,40,69.85566448,4.109963538,22059.6888,Lowe's Miami,1,0,0,Garden Equipment,381.727775,4,5.170936746,3.487987989,3.8,5.6,460000,18500,3.7,80,3,1675,89,1238.983205
2025,11,41,68.54349028,7.229115249,19637.18445,Lowe's Miami,0,0,0,HVAC,397.4893013,4,5.385252584,3.682946568,3.8,5.6,460000,18500,3.7,80,0,1675,89,1130.869312
2025,11,42,59.64013633,4.949771447,18079.82498,Lowe's Miami,0,0,0,Outdoor Furniture,115.1049886,4,5.184118997,3.454883139,3.8,5.6,460000,18500,3.7,80,0,1675,89,1007.164653
2025,11,43,72.93954594,5.384496095,14729.56906,Lowe's Miami,0,0,0,Building Materials,59.76781901,4,4.695309214,3.359421163,3.8,5.6,460000,18500,3.7,80,0,1675,89,999.6129529
2025,11,44,65.48320794,6.619683242,21069.56445,Lowe's Miami,0,0,0,Home Appliances,331.2512441,4,5.107100671,3.57914953,3.8,5.6,460000,18500,3.7,80,0,1675,89,1238.983205
2025,12,45,68.31753369,7.115187087,18686.47901,Lowe's Miami,0,0,1,Garden Equipment,256.2873664,4,5.097602109,3.535460497,3.8,5.6,460000,18500,3.7,80,0,1675,89,997.5791282
2025,12,46,69.86631023,3.525340501,15300.98742,Lowe's Miami,0,0,0,HVAC,319.4639799,4,4.835405601,3.437054522,3.8,5.6,460000,18500,3.7,80,0,1675,89,941.8741025
2025,12,47,65.49963671,5.189305711,16727.84873,Lowe's Miami,1,0,0,Outdoor Furniture,456.792236,4,4.80770639,3.678159283,3.8,5.6,460000,18500,3.7,80,3,1675,89,2038.251127
2025,12,48,68.55208747,1.431912477,20903.78887,Lowe's Miami,1,1,0,Building Materials,347.81818,4,4.897594908,3.759900919,3.8,5.6,460000,18500,3.7,80,3,1675,89,1229.698651
2025,13,49,73.44898732,4.057216854,16381.07167,Lowe's Miami,0,0,1,Home Appliances,437.8555909,4,5.62462237,3.693708447,3.8,5.6,460000,18500,3.7,80,0,1675,89,1935.543766
2025,13,50,76.57148799,9.213885515,10300.04939,Lowe's Miami,0,0,0,Garden Equipment,144.0429334,4,4.814223402,3.63555704,3.8,5.6,460000,18500,3.7,80,0,1675,89,804.2990528
2025,13,51,71.78719535,8.267487753,17984.9893,Lowe's Miami,0,0,0,HVAC,290.2670186,4,5.11770172,3.633366452,3.8,5.6,460000,18500,3.7,80,0,1675,89,944.1632162
2025,13,52,71.17121267,3.166345945,20413.35429,Lowe's Miami,1,0,0,Outdoor Furniture,140.6789072,4,4.940529133,3.868755066,3.8,5.6,460000,18500,3.7,80,2,1675,89,1417.821956
2025,1,1,73.98422827,3.786750689,22485.31082,Lowe's Miami,0,0,0,Building Materials,259.4216148,1,4.931986296,3.35423684,3.8,5.6,460000,18500,3.7,80,0,1675,89,1238.983205
2025,1,2,71.8236876,6.823697561,20547.58933,Lowe's Miami,0,0,0,Home Appliances,169.7567592,1,4.960364073,3.780316229,3.8,5.6,460000,18500,3.7,80,0,1675,89,1417.821956
2025,1,3,74.75269289,4.936406268,13075.42582,Lowe's Miami,0,0,0,Garden Equipment,317.3848574,1,5.02200394,3.488065157,3.8,5.6,460000,18500,3.7,80,0,1675,89,872.1957893
2025,1,4,63.6336635,8.110797397,17417.06845,Lowe's Miami,1,0,0,HVAC,167.92684,1,5.521277682,3.240683502,3.8,5.6,460000,18500,3.7,80,5,1675,89,1002.185591
2025,2,5,66.21493419,8.697058236,22042.00892,Lowe's Miami,0,0,0,Outdoor Furniture,239.2572942,1,5.351790117,3.75634387,3.8,5.6,460000,18500,3.7,80,0,1675,89,1238.983205
2025,2,6,65.24917083,5.22426695,24229.61673,Lowe's Miami,0,0,0,Building Materials,359.6874626,1,4.82380381,3.770812188,3.8,5.6,460000,18500,3.7,80,0,1675,89,1238.983205
2025,2,7,59.83072445,5.121493804,10421.78495,Lowe's Miami,0,0,0,Home Appliances,303.8252558,1,5.039575995,3.514202757,3.8,5.6,460000,18500,3.7,80,0,1675,89,744.9847455
2025,2,8,68.05924462,7.154740626,17333.13022,Lowe's Miami,0,0,0,Garden Equipment,124.2988191,1,5.0965197,3.722906002,3.8,5.6,460000,18500,3.7,80,0,1675,89,1001.299882
2025,3,9,71.08352372,3.577427549,20551.16904,Lowe's Miami,0,0,0,HVAC,336.97458,1,5.133026777,3.164933229,3.8,5.6,460000,18500,3.7,80,0,1675,89,1229.698651
2025,3,10,62.42800368,5.659680139,10516.43884,Lowe's Miami,0,0,0,Outdoor Furniture,378.2401567,1,5.166776101,3.634253397,3.8,5.6,460000,18500,3.7,80,0,1675,89,744.9847455
2025,3,11,75.56596936,1.447685095,12808.57995,Lowe's Miami,0,0,0,Building Materials,217.7436489,1,5.254616002,3.726556236,3.8,5.6,460000,18500,3.7,80,0,1675,89,904.6650745
2025,3,12,68.27892133,4.255287155,6550.665446,Lowe's Miami,1,0,0,Home Appliances,402.510009,1,5.073876278,3.40642762,3.8,5.6,460000,18500,3.7,80,10,1675,89,744.1119533
2025,4,13,60.00416258,9.602638201,15084.15084,Lowe's Miami,0,0,0,Garden Equipment,209.4277607,2,5.332221534,3.717966237,3.8,5.6,460000,18500,3.7,80,0,1675,89,1000.48143
2025,4,14,75.08171391,5.001637855,14859.36878,Lowe's Miami,0,0,0,HVAC,320.1256066,2,4.963308117,3.401342109,3.8,5.6,460000,18500,3.7,80,0,1675,89,939.4469153
2025,4,15,70.54566487,4.610968364,22552.66936,Lowe's Miami,0,0,0,Outdoor Furniture,91.89239144,2,5.227742259,3.324045436,3.8,5.6,460000,18500,3.7,80,0,1675,89,1433.472455
2025,4,16,65.90426626,7.516597177,17744.53576,Lowe's Miami,0,0,0,Building Materials,323.1758335,2,4.788879892,3.751009978,3.8,5.6,460000,18500,3.7,80,0,1675,89,944.1632162
2025,5,17,66.11743034,9.622238535,13506.77259,Lowe's Miami,0,0,0,Home Appliances,260.3099682,2,5.216343314,3.395603808,3.8,5.6,460000,18500,3.7,80,0,1675,89,889.0173604
2025,5,18,66.83468168,6.268055045,19411.81313,Lowe's Miami,0,0,0,Garden Equipment,407.5498884,2,5.157580015,3.584879155,3.8,5.6,460000,18500,3.7,80,0,1675,89,1985.07686
2025,5,19,66.60850302,6.043131094,13321.98256,Lowe's Miami,1,0,0,HVAC,213.8019942,2,5.420231191,3.399800945,3.8,5.6,460000,18500,3.7,80,5,1675,89,947.6021197
2025,5,20,69.08326865,6.742898138,19998.94359,Lowe's Miami,0,0,0,Outdoor Furniture,381.6034967,2,5.113898157,3.490380515,3.8,5.6,460000,18500,3.7,80,0,1675,89,1229.698651
2025,6,21,62.32041356,5.387010302,8841.687915,Lowe's Miami,1,0,0,Building Materials,276.7583439,2,5.117204435,3.66144761,3.8,5.6,460000,18500,3.7,80,3,1675,89,744.1119533
2025,6,22,63.34310923,6.008707805,13357.81891,Lowe's Miami,0,0,0,Home Appliances,255.9162592,2,4.900024399,3.609780195,3.8,5.6,460000,18500,3.7,80,0,1675,89,888.1678959
2025,6,23,65.56110231,6.997100479,15495.40714,Lowe's Miami,0,0,1,Garden Equipment,557.7669024,2,4.937869346,3.716336849,3.8,5.6,460000,18500,3.7,80,0,1675,89,1843.100793
2025,6,24,71.31789526,8.341822552,19646.01341,Lowe's Miami,1,0,0,HVAC,41.442764,2,4.748934534,3.850091498,3.8,5.6,460000,18500,3.7,80,3,1675,89,1348.329467
2025,7,25,62.94127341,5.795198682,16516.11449,Lowe's Miami,0,1,0,Outdoor Furniture,340.4315261,3,4.572880039,3.39101729,3.8,5.6,460000,18500,3.7,80,0,1675,89,941.8741025
2025,7,26,62.96375003,7.111803942,12213.77622,Lowe's Miami,0,0,0,Building Materials,400.6668637,3,5.294281027,3.671774707,3.8,5.6,460000,18500,3.7,80,0,1675,89,744.9847455
2025,7,27,70.55045433,3.69017719,10751.0994,Lowe's Miami,0,0,0,Home Appliances,227.1098297,3,5.026519933,3.333085885,3.8,5.6,460000,18500,3.7,80,0,1675,89,744.9847455
2025,7,28,71.64488964,4.288556494,17491.72488,Lowe's Miami,0,0,0,Garden Equipment,250.7138502,3,5.026193698,3.669657263,3.8,5.6,460000,18500,3.7,80,0,1675,89,941.8741025
2025,8,29,66.80322572,5.56999632,19623.6359,Lowe's Miami,0,0,0,HVAC,99.92310395,3,5.115000618,3.504783539,3.8,5.6,460000,18500,3.7,80,0,1675,89,1281.424123
2025,8,30,68.2548196,8.077533841,11993.78051,Lowe's Miami,0,0,0,Outdoor Furniture,286.1818739,3,4.732748056,3.557399695,3.8,5.6,460000,18500,3.7,80,0,1675,89,744.9847455
2025,8,31,63.11269928,-0.734437962,18373.36274,Lowe's Miami,0,0,0,Building Materials,439.0140179,3,5.039858725,3.555008278,3.8,5.6,460000,18500,3.7,80,0,1675,89,1980.960436
2025,8,32,63.19106778,6.229253742,17379.55682,Lowe's Miami,0,0,0,Home Appliances,324.8002022,3,5.233962979,3.829293368,3.8,5.6,460000,18500,3.7,80,0,1675,89,941.8741025
2025,9,33,64.69149128,5.732321807,17476.52234,Lowe's Miami,0,0,0,Garden Equipment,260.2544298,3,5.166452548,3.579213908,3.8,5.6,460000,18500,3.7,80,0,1675,89,941.8741025
2025,9,34,62.71242004,7.401838629,18372.37372,Lowe's Miami,1,1,0,HVAC,146.5938511,3,5.333165544,4.073441877,3.8,5.6,460000,18500,3.7,80,4,1675,89,1026.795154
2025,9,35,61.16312502,6.134782906,21368.66828,Lowe's Miami,1,0,0,Outdoor Furniture,287.4325495,3,5.009489824,3.381100468,3.8,5.6,460000,18500,3.7,80,3,1675,89,1238.983205
2025,9,36,72.02384607,7.721077836,21859.53333,Lowe's Miami,0,0,0,Building Materials,532.3480756,3,5.284176036,3.457238638,3.8,5.6,460000,18500,3.7,80,0,1675,89,2068.733515
2025,10,37,67.57213344,1.293838538,15374.8641,Lowe's Miami,1,0,0,Home Appliances,300.9249934,4,5.066944772,3.616916216,3.8,5.6,460000,18500,3.7,80,4,1675,89,942.7598115
2025,10,38,68.24595696,7.287967402,11579.76844,Lowe's Miami,0,0,0,Garden Equipment,369.2405214,4,4.992322185,3.636330758,3.8,5.6,460000,18500,3.7,80,0,1675,89,744.9847455
2025,10,39,70.09374148,6.372308957,17863.44589,Lowe's Miami,0,0,0,HVAC,94.47662724,4,4.70061827,2.993768414,3.8,5.6,460000,18500,3.7,80,0,1675,89,1003.775648
2025,10,40,72.39858284,4.537670036,17228.61282,Lowe's Miami,0,0,0,Outdoor Furniture,226.2564796,4,4.99292917,3.792791407,3.8,5.6,460000,18500,3.7,80,0,1675,89,941.8741025
2025,11,41,55.20290081,7.868106763,15137.64717,Lowe's Miami,0,0,0,Building Materials,152.9908794,4,4.661385658,3.550297451,3.8,5.6,460000,18500,3.7,80,0,1675,89,1000.48143
2025,11,42,67.03926603,2.76297926,24265.78291,Lowe's Miami,1,1,0,Home Appliances,536.0459468,4,5.172655934,3.296327987,3.8,5.6,460000,18500,3.7,80,10,1675,89,2408.381831
2025,11,43,58.86095883,3.54960216,10096.32863,Lowe's Miami,0,1,0,Garden Equipment,89.77884313,4,5.211016317,3.69924454,3.8,5.6,460000,18500,3.7,80,0,1675,89,804.2990528
2025,11,44,67.62444539,7.027802577,17113.4645,Lowe's Miami,0,0,0,HVAC,410.587779,4,5.113667114,3.469463733,3.8,5.6,460000,18500,3.7,80,0,1675,89,1930.902471
2025,12,45,64.834287,7.825144401,9217.332756,Lowe's Miami,0,1,0,Outdoor Furniture,270.0005131,4,4.784235826,3.276811419,3.8,5.6,460000,18500,3.7,80,0,1675,89,743.2262444
2025,12,46,71.69998416,9.282067818,15630.99756,Lowe's Miami,1,0,0,Building Materials,263.3603842,4,5.280084325,3.243262048,3.8,5.6,460000,18500,3.7,80,4,1675,89,942.7598115
2025,12,47,80.1182098,4.430188062,21420.96938,Lowe's Miami,1,1,0,Home Appliances,141.0188161,4,5.726642826,3.753410099,3.8,5.6,460000,18500,3.7,80,4,1675,89,1433.472455
2025,12,48,66.17166334,5.544116277,16075.58588,Lowe's Miami,0,0,0,Garden Equipment,175.6783477,4,5.263554754,3.583640117,3.8,5.6,460000,18500,3.7,80,0,1675,89,1001.299882
2025,13,49,69.53533077,9.560861443,16140.98714,Lowe's Miami,1,0,0,HVAC,554.5295155,4,5.094757103,3.322231508,3.8,5.6,460000,18500,3.7,80,2,1675,89,1999.030892
2025,13,50,65.47149517,8.456587986,25219.81708,Lowe's Miami,0,0,0,Outdoor Furniture,277.8299661,4,5.307748928,3.641574118,3.8,5.6,460000,18500,3.7,80,0,1675,89,1238.983205
2025,13,51,60.53181463,5.670081154,18770.81729,Lowe's Miami,0,0,0,Building Materials,363.701061,4,5.070884369,3.741220045,3.8,5.6,460000,18500,3.7,80,0,1675,89,1002.396121
2025,13,52,65.74068443,6.055380329,14008.07516,Lowe's Miami,0,0,0,Home Appliances,312.1042676,4,4.714062756,3.383104147,3.8,5.6,460000,18500,3.7,80,0,1675,89,919.786936
